{
    "prc": [
        {
            "precision": 0.4392646093237032,
            "recall": 1.0,
            "threshold": 0.0
        },
        {
            "precision": 0.8226950354609929,
            "recall": 0.6935724962630793,
            "threshold": 1.0
        }
    ]
}