{
    "avg_prec": 0.7052014071229595,
    "roc_auc": 0.788238238763858
}